{"Episode": 0, "_timestamp": 1713270032.993488, "_runtime": 1.7504730224609375, "_step": 1, "Epoch": 0, "_wandb": {"runtime": 1}}